display_name,modulation,order,channel_name,gray_ok,roll_off,input_mode,snr_db,media,repeat,decoder,ber,model_path
16ASK,MASK,16,AWGN,True,0.35,hard,0,image,1,Viterbi,0.3344802187,E:\毕业设计\毕设\ai卷积码译码\models\bigru_mask_16_awgn.pt
16ASK,MASK,16,AWGN,True,0.35,hard,0,image,1,AI-BiGRU,0.2792843436,E:\毕业设计\毕设\ai卷积码译码\models\bigru_mask_16_awgn.pt
16ASK,MASK,16,AWGN,True,0.35,hard,0,image,2,Viterbi,0.3369904437,E:\毕业设计\毕设\ai卷积码译码\models\bigru_mask_16_awgn.pt
16ASK,MASK,16,AWGN,True,0.35,hard,0,image,2,AI-BiGRU,0.2834712826,E:\毕业设计\毕设\ai卷积码译码\models\bigru_mask_16_awgn.pt
16ASK,MASK,16,AWGN,True,0.35,hard,0,image,3,Viterbi,0.3364864603,E:\毕业设计\毕设\ai卷积码译码\models\bigru_mask_16_awgn.pt
16ASK,MASK,16,AWGN,True,0.35,hard,0,image,3,AI-BiGRU,0.2845180174,E:\毕业设计\毕设\ai卷积码译码\models\bigru_mask_16_awgn.pt
16ASK,MASK,16,AWGN,True,0.35,hard,2,image,1,Viterbi,0.2719765842,E:\毕业设计\毕设\ai卷积码译码\models\bigru_mask_16_awgn.pt
16ASK,MASK,16,AWGN,True,0.35,hard,2,image,1,AI-BiGRU,0.2071759484,E:\毕业设计\毕设\ai卷积码译码\models\bigru_mask_16_awgn.pt
16ASK,MASK,16,AWGN,True,0.35,hard,2,image,2,Viterbi,0.2740894377,E:\毕业设计\毕设\ai卷积码译码\models\bigru_mask_16_awgn.pt
16ASK,MASK,16,AWGN,True,0.35,hard,2,image,2,AI-BiGRU,0.2070208765,E:\毕业设计\毕设\ai卷积码译码\models\bigru_mask_16_awgn.pt
16ASK,MASK,16,AWGN,True,0.35,hard,2,image,3,Viterbi,0.2716082886,E:\毕业设计\毕设\ai卷积码译码\models\bigru_mask_16_awgn.pt
16ASK,MASK,16,AWGN,True,0.35,hard,2,image,3,AI-BiGRU,0.2068464207,E:\毕业设计\毕设\ai卷积码译码\models\bigru_mask_16_awgn.pt
16ASK,MASK,16,AWGN,True,0.35,hard,4,image,1,Viterbi,0.1884510264,E:\毕业设计\毕设\ai卷积码译码\models\bigru_mask_16_awgn.pt
16ASK,MASK,16,AWGN,True,0.35,hard,4,image,1,AI-BiGRU,0.1254143325,E:\毕业设计\毕设\ai卷积码译码\models\bigru_mask_16_awgn.pt
16ASK,MASK,16,AWGN,True,0.35,hard,4,image,2,Viterbi,0.1871813759,E:\毕业设计\毕设\ai卷积码译码\models\bigru_mask_16_awgn.pt
16ASK,MASK,16,AWGN,True,0.35,hard,4,image,2,AI-BiGRU,0.1205295703,E:\毕业设计\毕设\ai卷积码译码\models\bigru_mask_16_awgn.pt
16ASK,MASK,16,AWGN,True,0.35,hard,4,image,3,Viterbi,0.1847099188,E:\毕业设计\毕设\ai卷积码译码\models\bigru_mask_16_awgn.pt
16ASK,MASK,16,AWGN,True,0.35,hard,4,image,3,AI-BiGRU,0.1220609045,E:\毕业设计\毕设\ai卷积码译码\models\bigru_mask_16_awgn.pt
16ASK,MASK,16,AWGN,True,0.35,hard,6,image,1,Viterbi,0.1060885072,E:\毕业设计\毕设\ai卷积码译码\models\bigru_mask_16_awgn.pt
16ASK,MASK,16,AWGN,True,0.35,hard,6,image,1,AI-BiGRU,0.0592665103,E:\毕业设计\毕设\ai卷积码译码\models\bigru_mask_16_awgn.pt
16ASK,MASK,16,AWGN,True,0.35,hard,6,image,2,Viterbi,0.1038690419,E:\毕业设计\毕设\ai卷积码译码\models\bigru_mask_16_awgn.pt
16ASK,MASK,16,AWGN,True,0.35,hard,6,image,2,AI-BiGRU,0.0596638818,E:\毕业设计\毕设\ai卷积码译码\models\bigru_mask_16_awgn.pt
16ASK,MASK,16,AWGN,True,0.35,hard,6,image,3,Viterbi,0.1037042780,E:\毕业设计\毕设\ai卷积码译码\models\bigru_mask_16_awgn.pt
16ASK,MASK,16,AWGN,True,0.35,hard,6,image,3,AI-BiGRU,0.0606330807,E:\毕业设计\毕设\ai卷积码译码\models\bigru_mask_16_awgn.pt
16ASK,MASK,16,AWGN,True,0.35,hard,8,image,1,Viterbi,0.0460950978,E:\毕业设计\毕设\ai卷积码译码\models\bigru_mask_16_awgn.pt
16ASK,MASK,16,AWGN,True,0.35,hard,8,image,1,AI-BiGRU,0.0238132160,E:\毕业设计\毕设\ai卷积码译码\models\bigru_mask_16_awgn.pt
16ASK,MASK,16,AWGN,True,0.35,hard,8,image,2,Viterbi,0.0441954680,E:\毕业设计\毕设\ai卷积码译码\models\bigru_mask_16_awgn.pt
16ASK,MASK,16,AWGN,True,0.35,hard,8,image,2,AI-BiGRU,0.0239392118,E:\毕业设计\毕设\ai卷积码译码\models\bigru_mask_16_awgn.pt
16ASK,MASK,16,AWGN,True,0.35,hard,8,image,3,Viterbi,0.0443796158,E:\毕业设计\毕设\ai卷积码译码\models\bigru_mask_16_awgn.pt
16ASK,MASK,16,AWGN,True,0.35,hard,8,image,3,AI-BiGRU,0.0243559674,E:\毕业设计\毕设\ai卷积码译码\models\bigru_mask_16_awgn.pt
16ASK,MASK,16,AWGN,True,0.35,hard,10,image,1,Viterbi,0.0149062785,E:\毕业设计\毕设\ai卷积码译码\models\bigru_mask_16_awgn.pt
16ASK,MASK,16,AWGN,True,0.35,hard,10,image,1,AI-BiGRU,0.0073174514,E:\毕业设计\毕设\ai卷积码译码\models\bigru_mask_16_awgn.pt
16ASK,MASK,16,AWGN,True,0.35,hard,10,image,2,Viterbi,0.0143441431,E:\毕业设计\毕设\ai卷积码译码\models\bigru_mask_16_awgn.pt
16ASK,MASK,16,AWGN,True,0.35,hard,10,image,2,AI-BiGRU,0.0071720716,E:\毕业设计\毕设\ai卷积码译码\models\bigru_mask_16_awgn.pt
16ASK,MASK,16,AWGN,True,0.35,hard,10,image,3,Viterbi,0.0142762992,E:\毕业设计\毕设\ai卷积码译码\models\bigru_mask_16_awgn.pt
16ASK,MASK,16,AWGN,True,0.35,hard,10,image,3,AI-BiGRU,0.0070169997,E:\毕业设计\毕设\ai卷积码译码\models\bigru_mask_16_awgn.pt
16ASK,MASK,16,AWGN,True,0.35,hard,0,audio,1,Viterbi,0.3238364746,E:\毕业设计\毕设\ai卷积码译码\models\bigru_mask_16_awgn.pt
16ASK,MASK,16,AWGN,True,0.35,hard,0,audio,1,AI-BiGRU,0.2771121681,E:\毕业设计\毕设\ai卷积码译码\models\bigru_mask_16_awgn.pt
16ASK,MASK,16,AWGN,True,0.35,hard,0,audio,2,Viterbi,0.3245398352,E:\毕业设计\毕设\ai卷积码译码\models\bigru_mask_16_awgn.pt
16ASK,MASK,16,AWGN,True,0.35,hard,0,audio,2,AI-BiGRU,0.2794338543,E:\毕业设计\毕设\ai卷积码译码\models\bigru_mask_16_awgn.pt
16ASK,MASK,16,AWGN,True,0.35,hard,0,audio,3,Viterbi,0.3259033416,E:\毕业设计\毕设\ai卷积码译码\models\bigru_mask_16_awgn.pt
16ASK,MASK,16,AWGN,True,0.35,hard,0,audio,3,AI-BiGRU,0.2785323009,E:\毕业设计\毕设\ai卷积码译码\models\bigru_mask_16_awgn.pt
16ASK,MASK,16,AWGN,True,0.35,hard,2,audio,1,Viterbi,0.2604922928,E:\毕业设计\毕设\ai卷积码译码\models\bigru_mask_16_awgn.pt
16ASK,MASK,16,AWGN,True,0.35,hard,2,audio,1,AI-BiGRU,0.1973015987,E:\毕业设计\毕设\ai卷积码译码\models\bigru_mask_16_awgn.pt
16ASK,MASK,16,AWGN,True,0.35,hard,2,audio,2,Viterbi,0.2605846834,E:\毕业设计\毕设\ai卷积码译码\models\bigru_mask_16_awgn.pt
16ASK,MASK,16,AWGN,True,0.35,hard,2,audio,2,AI-BiGRU,0.1989467473,E:\毕业设计\毕设\ai卷积码译码\models\bigru_mask_16_awgn.pt
16ASK,MASK,16,AWGN,True,0.35,hard,2,audio,3,Viterbi,0.2608901684,E:\毕业设计\毕设\ai卷积码译码\models\bigru_mask_16_awgn.pt
16ASK,MASK,16,AWGN,True,0.35,hard,2,audio,3,AI-BiGRU,0.1988901208,E:\毕业设计\毕设\ai卷积码译码\models\bigru_mask_16_awgn.pt
16ASK,MASK,16,AWGN,True,0.35,hard,4,audio,1,Viterbi,0.1789054397,E:\毕业设计\毕设\ai卷积码译码\models\bigru_mask_16_awgn.pt
16ASK,MASK,16,AWGN,True,0.35,hard,4,audio,1,AI-BiGRU,0.1144540610,E:\毕业设计\毕设\ai卷积码译码\models\bigru_mask_16_awgn.pt
16ASK,MASK,16,AWGN,True,0.35,hard,4,audio,2,Viterbi,0.1740519533,E:\毕业设计\毕设\ai卷积码译码\models\bigru_mask_16_awgn.pt
16ASK,MASK,16,AWGN,True,0.35,hard,4,audio,2,AI-BiGRU,0.1115482279,E:\毕业设计\毕设\ai卷积码译码\models\bigru_mask_16_awgn.pt
16ASK,MASK,16,AWGN,True,0.35,hard,4,audio,3,Viterbi,0.1770188834,E:\毕业设计\毕设\ai卷积码译码\models\bigru_mask_16_awgn.pt
16ASK,MASK,16,AWGN,True,0.35,hard,4,audio,3,AI-BiGRU,0.1127046005,E:\毕业设计\毕设\ai卷积码译码\models\bigru_mask_16_awgn.pt
16ASK,MASK,16,AWGN,True,0.35,hard,6,audio,1,Viterbi,0.0970741986,E:\毕业设计\毕设\ai卷积码译码\models\bigru_mask_16_awgn.pt
16ASK,MASK,16,AWGN,True,0.35,hard,6,audio,1,AI-BiGRU,0.0530664735,E:\毕业设计\毕设\ai卷积码译码\models\bigru_mask_16_awgn.pt
16ASK,MASK,16,AWGN,True,0.35,hard,6,audio,2,Viterbi,0.0972425879,E:\毕业设计\毕设\ai卷积码译码\models\bigru_mask_16_awgn.pt
16ASK,MASK,16,AWGN,True,0.35,hard,6,audio,2,AI-BiGRU,0.0524793462,E:\毕业设计\毕设\ai卷积码译码\models\bigru_mask_16_awgn.pt
16ASK,MASK,16,AWGN,True,0.35,hard,6,audio,3,Viterbi,0.0970965511,E:\毕业设计\毕设\ai卷积码译码\models\bigru_mask_16_awgn.pt
16ASK,MASK,16,AWGN,True,0.35,hard,6,audio,3,AI-BiGRU,0.0527282048,E:\毕业设计\毕设\ai卷积码译码\models\bigru_mask_16_awgn.pt
16ASK,MASK,16,AWGN,True,0.35,hard,8,audio,1,Viterbi,0.0410407949,E:\毕业设计\毕设\ai卷积码译码\models\bigru_mask_16_awgn.pt
16ASK,MASK,16,AWGN,True,0.35,hard,8,audio,1,AI-BiGRU,0.0204242814,E:\毕业设计\毕设\ai卷积码译码\models\bigru_mask_16_awgn.pt
16ASK,MASK,16,AWGN,True,0.35,hard,8,audio,2,Viterbi,0.0418007820,E:\毕业设计\毕设\ai卷积码译码\models\bigru_mask_16_awgn.pt
16ASK,MASK,16,AWGN,True,0.35,hard,8,audio,2,AI-BiGRU,0.0206165135,E:\毕业设计\毕设\ai卷积码译码\models\bigru_mask_16_awgn.pt
16ASK,MASK,16,AWGN,True,0.35,hard,8,audio,3,Viterbi,0.0407159377,E:\毕业设计\毕设\ai卷积码译码\models\bigru_mask_16_awgn.pt
16ASK,MASK,16,AWGN,True,0.35,hard,8,audio,3,AI-BiGRU,0.0201858541,E:\毕业设计\毕设\ai卷积码译码\models\bigru_mask_16_awgn.pt
16ASK,MASK,16,AWGN,True,0.35,hard,10,audio,1,Viterbi,0.0131269149,E:\毕业设计\毕设\ai卷积码译码\models\bigru_mask_16_awgn.pt
16ASK,MASK,16,AWGN,True,0.35,hard,10,audio,1,AI-BiGRU,0.0065463205,E:\毕业设计\毕设\ai卷积码译码\models\bigru_mask_16_awgn.pt
16ASK,MASK,16,AWGN,True,0.35,hard,10,audio,2,Viterbi,0.0129108401,E:\毕业设计\毕设\ai卷积码译码\models\bigru_mask_16_awgn.pt
16ASK,MASK,16,AWGN,True,0.35,hard,10,audio,2,AI-BiGRU,0.0066208290,E:\毕业设计\毕设\ai卷积码译码\models\bigru_mask_16_awgn.pt
16ASK,MASK,16,AWGN,True,0.35,hard,10,audio,3,Viterbi,0.0131060525,E:\毕业设计\毕设\ai卷积码译码\models\bigru_mask_16_awgn.pt
16ASK,MASK,16,AWGN,True,0.35,hard,10,audio,3,AI-BiGRU,0.0065060859,E:\毕业设计\毕设\ai卷积码译码\models\bigru_mask_16_awgn.pt
16PSK,MPSK,16,AWGN,True,0.35,hard,0,image,1,Viterbi,0.1788947256,E:\毕业设计\毕设\ai卷积码译码\models\bigru_mpsk_16_awgn.pt
16PSK,MPSK,16,AWGN,True,0.35,hard,0,image,1,AI-BiGRU,0.1196282153,E:\毕业设计\毕设\ai卷积码译码\models\bigru_mpsk_16_awgn.pt
16PSK,MPSK,16,AWGN,True,0.35,hard,0,image,2,Viterbi,0.1757642133,E:\毕业设计\毕设\ai卷积码译码\models\bigru_mpsk_16_awgn.pt
16PSK,MPSK,16,AWGN,True,0.35,hard,0,image,2,AI-BiGRU,0.1174281339,E:\毕业设计\毕设\ai卷积码译码\models\bigru_mpsk_16_awgn.pt
16PSK,MPSK,16,AWGN,True,0.35,hard,0,image,3,Viterbi,0.1791757933,E:\毕业设计\毕设\ai卷积码译码\models\bigru_mpsk_16_awgn.pt
16PSK,MPSK,16,AWGN,True,0.35,hard,0,image,3,AI-BiGRU,0.1201225067,E:\毕业设计\毕设\ai卷积码译码\models\bigru_mpsk_16_awgn.pt
16PSK,MPSK,16,AWGN,True,0.35,hard,2,image,1,Viterbi,0.0887979996,E:\毕业设计\毕设\ai卷积码译码\models\bigru_mpsk_16_awgn.pt
16PSK,MPSK,16,AWGN,True,0.35,hard,2,image,1,AI-BiGRU,0.0499234333,E:\毕业设计\毕设\ai卷积码译码\models\bigru_mpsk_16_awgn.pt
16PSK,MPSK,16,AWGN,True,0.35,hard,2,image,2,Viterbi,0.0863943864,E:\毕业设计\毕设\ai卷积码译码\models\bigru_mpsk_16_awgn.pt
16PSK,MPSK,16,AWGN,True,0.35,hard,2,image,2,AI-BiGRU,0.0485180949,E:\毕业设计\毕设\ai卷积码译码\models\bigru_mpsk_16_awgn.pt
16PSK,MPSK,16,AWGN,True,0.35,hard,2,image,3,Viterbi,0.0883715521,E:\毕业设计\毕设\ai卷积码译码\models\bigru_mpsk_16_awgn.pt
16PSK,MPSK,16,AWGN,True,0.35,hard,2,image,3,AI-BiGRU,0.0504661847,E:\毕业设计\毕设\ai卷积码译码\models\bigru_mpsk_16_awgn.pt
16PSK,MPSK,16,AWGN,True,0.35,hard,4,image,1,Viterbi,0.0334858206,E:\毕业设计\毕设\ai卷积码译码\models\bigru_mpsk_16_awgn.pt
16PSK,MPSK,16,AWGN,True,0.35,hard,4,image,1,AI-BiGRU,0.0157300975,E:\毕业设计\毕设\ai卷积码译码\models\bigru_mpsk_16_awgn.pt
16PSK,MPSK,16,AWGN,True,0.35,hard,4,image,2,Viterbi,0.0318091066,E:\毕业设计\毕设\ai卷积码译码\models\bigru_mpsk_16_awgn.pt
16PSK,MPSK,16,AWGN,True,0.35,hard,4,image,2,AI-BiGRU,0.0146445948,E:\毕业设计\毕设\ai卷积码译码\models\bigru_mpsk_16_awgn.pt
16PSK,MPSK,16,AWGN,True,0.35,hard,4,image,3,Viterbi,0.0323615499,E:\毕业设计\毕设\ai卷积码译码\models\bigru_mpsk_16_awgn.pt
16PSK,MPSK,16,AWGN,True,0.35,hard,4,image,3,AI-BiGRU,0.0144604470,E:\毕业设计\毕设\ai卷积码译码\models\bigru_mpsk_16_awgn.pt
16PSK,MPSK,16,AWGN,True,0.35,hard,6,image,1,Viterbi,0.0086452538,E:\毕业设计\毕设\ai卷积码译码\models\bigru_mpsk_16_awgn.pt
16PSK,MPSK,16,AWGN,True,0.35,hard,6,image,1,AI-BiGRU,0.0032662002,E:\毕业设计\毕设\ai卷积码译码\models\bigru_mpsk_16_awgn.pt
16PSK,MPSK,16,AWGN,True,0.35,hard,6,image,2,Viterbi,0.0091976972,E:\毕业设计\毕设\ai卷积码译码\models\bigru_mpsk_16_awgn.pt
16PSK,MPSK,16,AWGN,True,0.35,hard,6,image,2,AI-BiGRU,0.0033631200,E:\毕业设计\毕设\ai卷积码译码\models\bigru_mpsk_16_awgn.pt
16PSK,MPSK,16,AWGN,True,0.35,hard,6,image,3,Viterbi,0.0092752331,E:\毕业设计\毕设\ai卷积码译码\models\bigru_mpsk_16_awgn.pt
16PSK,MPSK,16,AWGN,True,0.35,hard,6,image,3,AI-BiGRU,0.0037992595,E:\毕业设计\毕设\ai卷积码译码\models\bigru_mpsk_16_awgn.pt
16PSK,MPSK,16,AWGN,True,0.35,hard,8,image,1,Viterbi,0.0011630386,E:\毕业设计\毕设\ai卷积码译码\models\bigru_mpsk_16_awgn.pt
16PSK,MPSK,16,AWGN,True,0.35,hard,8,image,1,AI-BiGRU,0.0003101436,E:\毕业设计\毕设\ai卷积码译码\models\bigru_mpsk_16_awgn.pt
16PSK,MPSK,16,AWGN,True,0.35,hard,8,image,2,Viterbi,0.0009982748,E:\毕业设计\毕设\ai卷积码译码\models\bigru_mpsk_16_awgn.pt
16PSK,MPSK,16,AWGN,True,0.35,hard,8,image,2,AI-BiGRU,0.0004845994,E:\毕业设计\毕设\ai卷积码译码\models\bigru_mpsk_16_awgn.pt
16PSK,MPSK,16,AWGN,True,0.35,hard,8,image,3,Viterbi,0.0014150303,E:\毕业设计\毕设\ai卷积码译码\models\bigru_mpsk_16_awgn.pt
16PSK,MPSK,16,AWGN,True,0.35,hard,8,image,3,AI-BiGRU,0.0003876795,E:\毕业设计\毕设\ai卷积码译码\models\bigru_mpsk_16_awgn.pt
16PSK,MPSK,16,AWGN,True,0.35,hard,10,image,1,Viterbi,0.0000193840,E:\毕业设计\毕设\ai卷积码译码\models\bigru_mpsk_16_awgn.pt
16PSK,MPSK,16,AWGN,True,0.35,hard,10,image,1,AI-BiGRU,0.0000290760,E:\毕业设计\毕设\ai卷积码译码\models\bigru_mpsk_16_awgn.pt
16PSK,MPSK,16,AWGN,True,0.35,hard,10,image,2,Viterbi,0.0001938398,E:\毕业设计\毕设\ai卷积码译码\models\bigru_mpsk_16_awgn.pt
16PSK,MPSK,16,AWGN,True,0.35,hard,10,image,2,AI-BiGRU,0.0000484599,E:\毕业设计\毕设\ai卷积码译码\models\bigru_mpsk_16_awgn.pt
16PSK,MPSK,16,AWGN,True,0.35,hard,10,image,3,Viterbi,0.0000969199,E:\毕业设计\毕设\ai卷积码译码\models\bigru_mpsk_16_awgn.pt
16PSK,MPSK,16,AWGN,True,0.35,hard,10,image,3,AI-BiGRU,0.0000678439,E:\毕业设计\毕设\ai卷积码译码\models\bigru_mpsk_16_awgn.pt
16PSK,MPSK,16,AWGN,True,0.35,hard,0,audio,1,Viterbi,0.1669542696,E:\毕业设计\毕设\ai卷积码译码\models\bigru_mpsk_16_awgn.pt
16PSK,MPSK,16,AWGN,True,0.35,hard,0,audio,1,AI-BiGRU,0.1123588808,E:\毕业设计\毕设\ai卷积码译码\models\bigru_mpsk_16_awgn.pt
16PSK,MPSK,16,AWGN,True,0.35,hard,0,audio,2,Viterbi,0.1667441555,E:\毕业设计\毕设\ai卷积码译码\models\bigru_mpsk_16_awgn.pt
16PSK,MPSK,16,AWGN,True,0.35,hard,0,audio,2,AI-BiGRU,0.1118745753,E:\毕业设计\毕设\ai卷积码译码\models\bigru_mpsk_16_awgn.pt
16PSK,MPSK,16,AWGN,True,0.35,hard,0,audio,3,Viterbi,0.1688214537,E:\毕业设计\毕设\ai卷积码译码\models\bigru_mpsk_16_awgn.pt
16PSK,MPSK,16,AWGN,True,0.35,hard,0,audio,3,AI-BiGRU,0.1132052979,E:\毕业设计\毕设\ai卷积码译码\models\bigru_mpsk_16_awgn.pt
16PSK,MPSK,16,AWGN,True,0.35,hard,2,audio,1,Viterbi,0.0810369801,E:\毕业设计\毕设\ai卷积码译码\models\bigru_mpsk_16_awgn.pt
16PSK,MPSK,16,AWGN,True,0.35,hard,2,audio,1,AI-BiGRU,0.0439689806,E:\毕业设计\毕设\ai卷积码译码\models\bigru_mpsk_16_awgn.pt
16PSK,MPSK,16,AWGN,True,0.35,hard,2,audio,2,Viterbi,0.0806838096,E:\毕业设计\毕设\ai卷积码译码\models\bigru_mpsk_16_awgn.pt
16PSK,MPSK,16,AWGN,True,0.35,hard,2,audio,2,AI-BiGRU,0.0440315678,E:\毕业设计\毕设\ai卷积码译码\models\bigru_mpsk_16_awgn.pt
16PSK,MPSK,16,AWGN,True,0.35,hard,2,audio,3,Viterbi,0.0795319075,E:\毕业设计\毕设\ai卷积码译码\models\bigru_mpsk_16_awgn.pt
16PSK,MPSK,16,AWGN,True,0.35,hard,2,audio,3,AI-BiGRU,0.0437082007,E:\毕业设计\毕设\ai卷积码译码\models\bigru_mpsk_16_awgn.pt
16PSK,MPSK,16,AWGN,True,0.35,hard,4,audio,1,Viterbi,0.0297855346,E:\毕业设计\毕设\ai卷积码译码\models\bigru_mpsk_16_awgn.pt
16PSK,MPSK,16,AWGN,True,0.35,hard,4,audio,1,AI-BiGRU,0.0137021208,E:\毕业设计\毕设\ai卷积码译码\models\bigru_mpsk_16_awgn.pt
16PSK,MPSK,16,AWGN,True,0.35,hard,4,audio,2,Viterbi,0.0299688256,E:\毕业设计\毕设\ai卷积码译码\models\bigru_mpsk_16_awgn.pt
16PSK,MPSK,16,AWGN,True,0.35,hard,4,audio,2,AI-BiGRU,0.0132893435,E:\毕业设计\毕设\ai卷积码译码\models\bigru_mpsk_16_awgn.pt
16PSK,MPSK,16,AWGN,True,0.35,hard,4,audio,3,Viterbi,0.0303458388,E:\毕业设计\毕设\ai卷积码译码\models\bigru_mpsk_16_awgn.pt
16PSK,MPSK,16,AWGN,True,0.35,hard,4,audio,3,AI-BiGRU,0.0137676883,E:\毕业设计\毕设\ai卷积码译码\models\bigru_mpsk_16_awgn.pt
16PSK,MPSK,16,AWGN,True,0.35,hard,6,audio,1,Viterbi,0.0075074807,E:\毕业设计\毕设\ai卷积码译码\models\bigru_mpsk_16_awgn.pt
16PSK,MPSK,16,AWGN,True,0.35,hard,6,audio,1,AI-BiGRU,0.0029788515,E:\毕业设计\毕设\ai卷积码译码\models\bigru_mpsk_16_awgn.pt
16PSK,MPSK,16,AWGN,True,0.35,hard,6,audio,2,Viterbi,0.0077265358,E:\毕业设计\毕设\ai卷积码译码\models\bigru_mpsk_16_awgn.pt
16PSK,MPSK,16,AWGN,True,0.35,hard,6,audio,2,AI-BiGRU,0.0030727323,E:\毕业设计\毕设\ai卷积码译码\models\bigru_mpsk_16_awgn.pt
16PSK,MPSK,16,AWGN,True,0.35,hard,6,audio,3,Viterbi,0.0074925789,E:\毕业设计\毕设\ai卷积码译码\models\bigru_mpsk_16_awgn.pt
16PSK,MPSK,16,AWGN,True,0.35,hard,6,audio,3,AI-BiGRU,0.0031397899,E:\毕业设计\毕设\ai卷积码译码\models\bigru_mpsk_16_awgn.pt
16PSK,MPSK,16,AWGN,True,0.35,hard,8,audio,1,Viterbi,0.0011936268,E:\毕业设计\毕设\ai卷积码译码\models\bigru_mpsk_16_awgn.pt
16PSK,MPSK,16,AWGN,True,0.35,hard,8,audio,1,AI-BiGRU,0.0004723842,E:\毕业设计\毕设\ai卷积码译码\models\bigru_mpsk_16_awgn.pt
16PSK,MPSK,16,AWGN,True,0.35,hard,8,audio,2,Viterbi,0.0013098602,E:\毕业设计\毕设\ai卷积码译码\models\bigru_mpsk_16_awgn.pt
16PSK,MPSK,16,AWGN,True,0.35,hard,8,audio,2,AI-BiGRU,0.0005245401,E:\毕业设计\毕设\ai卷积码译码\models\bigru_mpsk_16_awgn.pt
16PSK,MPSK,16,AWGN,True,0.35,hard,8,audio,3,Viterbi,0.0012070384,E:\毕业设计\毕设\ai卷积码译码\models\bigru_mpsk_16_awgn.pt
16PSK,MPSK,16,AWGN,True,0.35,hard,8,audio,3,AI-BiGRU,0.0004589726,E:\毕业设计\毕设\ai卷积码译码\models\bigru_mpsk_16_awgn.pt
16PSK,MPSK,16,AWGN,True,0.35,hard,10,audio,1,Viterbi,0.0001236842,E:\毕业设计\毕设\ai卷积码译码\models\bigru_mpsk_16_awgn.pt
16PSK,MPSK,16,AWGN,True,0.35,hard,10,audio,1,AI-BiGRU,0.0000730184,E:\毕业设计\毕设\ai卷积码译码\models\bigru_mpsk_16_awgn.pt
16PSK,MPSK,16,AWGN,True,0.35,hard,10,audio,2,Viterbi,0.0000864299,E:\毕业设计\毕设\ai卷积码译码\models\bigru_mpsk_16_awgn.pt
16PSK,MPSK,16,AWGN,True,0.35,hard,10,audio,2,AI-BiGRU,0.0000655675,E:\毕业设计\毕设\ai卷积码译码\models\bigru_mpsk_16_awgn.pt
16PSK,MPSK,16,AWGN,True,0.35,hard,10,audio,3,Viterbi,0.0000655675,E:\毕业设计\毕设\ai卷积码译码\models\bigru_mpsk_16_awgn.pt
16PSK,MPSK,16,AWGN,True,0.35,hard,10,audio,3,AI-BiGRU,0.0000506658,E:\毕业设计\毕设\ai卷积码译码\models\bigru_mpsk_16_awgn.pt
16QAM,MQAM,16,AWGN,True,0.35,hard,0,image,1,Viterbi,0.0334858206,E:\毕业设计\毕设\ai卷积码译码\models\bigru_mqam_16_awgn.pt
16QAM,MQAM,16,AWGN,True,0.35,hard,0,image,1,AI-BiGRU,0.0272926399,E:\毕业设计\毕设\ai卷积码译码\models\bigru_mqam_16_awgn.pt
16QAM,MQAM,16,AWGN,True,0.35,hard,0,image,2,Viterbi,0.0315571149,E:\毕业设计\毕设\ai卷积码译码\models\bigru_mqam_16_awgn.pt
16QAM,MQAM,16,AWGN,True,0.35,hard,0,image,2,AI-BiGRU,0.0259260695,E:\毕业设计\毕设\ai卷积码译码\models\bigru_mqam_16_awgn.pt
16QAM,MQAM,16,AWGN,True,0.35,hard,0,image,3,Viterbi,0.0330302972,E:\毕业设计\毕设\ai卷积码译码\models\bigru_mqam_16_awgn.pt
16QAM,MQAM,16,AWGN,True,0.35,hard,0,image,3,AI-BiGRU,0.0265851247,E:\毕业设计\毕设\ai卷积码译码\models\bigru_mqam_16_awgn.pt
16QAM,MQAM,16,AWGN,True,0.35,hard,2,image,1,Viterbi,0.0040415592,E:\毕业设计\毕设\ai卷积码译码\models\bigru_mqam_16_awgn.pt
16QAM,MQAM,16,AWGN,True,0.35,hard,2,image,1,AI-BiGRU,0.0030335924,E:\毕业设计\毕设\ai卷积码译码\models\bigru_mqam_16_awgn.pt
16QAM,MQAM,16,AWGN,True,0.35,hard,2,image,2,Viterbi,0.0043904708,E:\毕业设计\毕设\ai卷积码译码\models\bigru_mqam_16_awgn.pt
16QAM,MQAM,16,AWGN,True,0.35,hard,2,image,2,AI-BiGRU,0.0030723604,E:\毕业设计\毕设\ai卷积码译码\models\bigru_mqam_16_awgn.pt
16QAM,MQAM,16,AWGN,True,0.35,hard,2,image,3,Viterbi,0.0050689100,E:\毕业设计\毕设\ai卷积码译码\models\bigru_mqam_16_awgn.pt
16QAM,MQAM,16,AWGN,True,0.35,hard,2,image,3,AI-BiGRU,0.0035666518,E:\毕业设计\毕设\ai卷积码译码\models\bigru_mqam_16_awgn.pt
16QAM,MQAM,16,AWGN,True,0.35,hard,4,image,1,Viterbi,0.0002035318,E:\毕业设计\毕设\ai卷积码译码\models\bigru_mqam_16_awgn.pt
16QAM,MQAM,16,AWGN,True,0.35,hard,4,image,1,AI-BiGRU,0.0000969199,E:\毕业设计\毕设\ai卷积码译码\models\bigru_mqam_16_awgn.pt
16QAM,MQAM,16,AWGN,True,0.35,hard,4,image,2,Viterbi,0.0001259959,E:\毕业设计\毕设\ai卷积码译码\models\bigru_mqam_16_awgn.pt
16QAM,MQAM,16,AWGN,True,0.35,hard,4,image,2,AI-BiGRU,0.0001259959,E:\毕业设计\毕设\ai卷积码译码\models\bigru_mqam_16_awgn.pt
16QAM,MQAM,16,AWGN,True,0.35,hard,4,image,3,Viterbi,0.0002229157,E:\毕业设计\毕设\ai卷积码译码\models\bigru_mqam_16_awgn.pt
16QAM,MQAM,16,AWGN,True,0.35,hard,4,image,3,AI-BiGRU,0.0001356878,E:\毕业设计\毕设\ai卷积码译码\models\bigru_mqam_16_awgn.pt
16QAM,MQAM,16,AWGN,True,0.35,hard,6,image,1,Viterbi,0.0000000000,E:\毕业设计\毕设\ai卷积码译码\models\bigru_mqam_16_awgn.pt
16QAM,MQAM,16,AWGN,True,0.35,hard,6,image,1,AI-BiGRU,0.0000096920,E:\毕业设计\毕设\ai卷积码译码\models\bigru_mqam_16_awgn.pt
16QAM,MQAM,16,AWGN,True,0.35,hard,6,image,2,Viterbi,0.0000000000,E:\毕业设计\毕设\ai卷积码译码\models\bigru_mqam_16_awgn.pt
16QAM,MQAM,16,AWGN,True,0.35,hard,6,image,2,AI-BiGRU,0.0000000000,E:\毕业设计\毕设\ai卷积码译码\models\bigru_mqam_16_awgn.pt
16QAM,MQAM,16,AWGN,True,0.35,hard,6,image,3,Viterbi,0.0000000000,E:\毕业设计\毕设\ai卷积码译码\models\bigru_mqam_16_awgn.pt
16QAM,MQAM,16,AWGN,True,0.35,hard,6,image,3,AI-BiGRU,0.0000000000,E:\毕业设计\毕设\ai卷积码译码\models\bigru_mqam_16_awgn.pt
16QAM,MQAM,16,AWGN,True,0.35,hard,8,image,1,Viterbi,0.0000000000,E:\毕业设计\毕设\ai卷积码译码\models\bigru_mqam_16_awgn.pt
16QAM,MQAM,16,AWGN,True,0.35,hard,8,image,1,AI-BiGRU,0.0000000000,E:\毕业设计\毕设\ai卷积码译码\models\bigru_mqam_16_awgn.pt
16QAM,MQAM,16,AWGN,True,0.35,hard,8,image,2,Viterbi,0.0000000000,E:\毕业设计\毕设\ai卷积码译码\models\bigru_mqam_16_awgn.pt
16QAM,MQAM,16,AWGN,True,0.35,hard,8,image,2,AI-BiGRU,0.0000000000,E:\毕业设计\毕设\ai卷积码译码\models\bigru_mqam_16_awgn.pt
16QAM,MQAM,16,AWGN,True,0.35,hard,8,image,3,Viterbi,0.0000000000,E:\毕业设计\毕设\ai卷积码译码\models\bigru_mqam_16_awgn.pt
16QAM,MQAM,16,AWGN,True,0.35,hard,8,image,3,AI-BiGRU,0.0000000000,E:\毕业设计\毕设\ai卷积码译码\models\bigru_mqam_16_awgn.pt
16QAM,MQAM,16,AWGN,True,0.35,hard,10,image,1,Viterbi,0.0000000000,E:\毕业设计\毕设\ai卷积码译码\models\bigru_mqam_16_awgn.pt
16QAM,MQAM,16,AWGN,True,0.35,hard,10,image,1,AI-BiGRU,0.0000000000,E:\毕业设计\毕设\ai卷积码译码\models\bigru_mqam_16_awgn.pt
16QAM,MQAM,16,AWGN,True,0.35,hard,10,image,2,Viterbi,0.0000000000,E:\毕业设计\毕设\ai卷积码译码\models\bigru_mqam_16_awgn.pt
16QAM,MQAM,16,AWGN,True,0.35,hard,10,image,2,AI-BiGRU,0.0000000000,E:\毕业设计\毕设\ai卷积码译码\models\bigru_mqam_16_awgn.pt
16QAM,MQAM,16,AWGN,True,0.35,hard,10,image,3,Viterbi,0.0000000000,E:\毕业设计\毕设\ai卷积码译码\models\bigru_mqam_16_awgn.pt
16QAM,MQAM,16,AWGN,True,0.35,hard,10,image,3,AI-BiGRU,0.0000000000,E:\毕业设计\毕设\ai卷积码译码\models\bigru_mqam_16_awgn.pt
16QAM,MQAM,16,AWGN,True,0.35,hard,0,audio,1,Viterbi,0.0288511975,E:\毕业设计\毕设\ai卷积码译码\models\bigru_mqam_16_awgn.pt
16QAM,MQAM,16,AWGN,True,0.35,hard,0,audio,1,AI-BiGRU,0.0257888964,E:\毕业设计\毕设\ai卷积码译码\models\bigru_mqam_16_awgn.pt
16QAM,MQAM,16,AWGN,True,0.35,hard,0,audio,2,Viterbi,0.0281821108,E:\毕业设计\毕设\ai卷积码译码\models\bigru_mqam_16_awgn.pt
16QAM,MQAM,16,AWGN,True,0.35,hard,0,audio,2,AI-BiGRU,0.0256354088,E:\毕业设计\毕设\ai卷积码译码\models\bigru_mqam_16_awgn.pt
16QAM,MQAM,16,AWGN,True,0.35,hard,0,audio,3,Viterbi,0.0280703480,E:\毕业设计\毕设\ai卷积码译码\models\bigru_mqam_16_awgn.pt
16QAM,MQAM,16,AWGN,True,0.35,hard,0,audio,3,AI-BiGRU,0.0256354088,E:\毕业设计\毕设\ai卷积码译码\models\bigru_mqam_16_awgn.pt
16QAM,MQAM,16,AWGN,True,0.35,hard,2,audio,1,Viterbi,0.0036255856,E:\毕业设计\毕设\ai卷积码译码\models\bigru_mqam_16_awgn.pt
16QAM,MQAM,16,AWGN,True,0.35,hard,2,audio,1,AI-BiGRU,0.0031412801,E:\毕业设计\毕设\ai卷积码译码\models\bigru_mqam_16_awgn.pt
16QAM,MQAM,16,AWGN,True,0.35,hard,2,audio,2,Viterbi,0.0038371899,E:\毕业设计\毕设\ai卷积码译码\models\bigru_mqam_16_awgn.pt
16QAM,MQAM,16,AWGN,True,0.35,hard,2,audio,2,AI-BiGRU,0.0035883314,E:\毕业设计\毕设\ai卷积码译码\models\bigru_mqam_16_awgn.pt
16QAM,MQAM,16,AWGN,True,0.35,hard,2,audio,3,Viterbi,0.0035928019,E:\毕业设计\毕设\ai卷积码译码\models\bigru_mqam_16_awgn.pt
16QAM,MQAM,16,AWGN,True,0.35,hard,2,audio,3,AI-BiGRU,0.0034095109,E:\毕业设计\毕设\ai卷积码译码\models\bigru_mqam_16_awgn.pt
16QAM,MQAM,16,AWGN,True,0.35,hard,4,audio,1,Viterbi,0.0001847812,E:\毕业设计\毕设\ai卷积码译码\models\bigru_mqam_16_awgn.pt
16QAM,MQAM,16,AWGN,True,0.35,hard,4,audio,1,AI-BiGRU,0.0001832910,E:\毕业设计\毕设\ai卷积码译码\models\bigru_mqam_16_awgn.pt
16QAM,MQAM,16,AWGN,True,0.35,hard,4,audio,2,Viterbi,0.0001609384,E:\毕业设计\毕设\ai卷积码译码\models\bigru_mqam_16_awgn.pt
16QAM,MQAM,16,AWGN,True,0.35,hard,4,audio,2,AI-BiGRU,0.0001698795,E:\毕业设计\毕设\ai卷积码译码\models\bigru_mqam_16_awgn.pt
16QAM,MQAM,16,AWGN,True,0.35,hard,4,audio,3,Viterbi,0.0001952124,E:\毕业设计\毕设\ai卷积码译码\models\bigru_mqam_16_awgn.pt
16QAM,MQAM,16,AWGN,True,0.35,hard,4,audio,3,AI-BiGRU,0.0001698795,E:\毕业设计\毕设\ai卷积码译码\models\bigru_mqam_16_awgn.pt
16QAM,MQAM,16,AWGN,True,0.35,hard,6,audio,1,Viterbi,0.0000014902,E:\毕业设计\毕设\ai卷积码译码\models\bigru_mqam_16_awgn.pt
16QAM,MQAM,16,AWGN,True,0.35,hard,6,audio,1,AI-BiGRU,0.0000014902,E:\毕业设计\毕设\ai卷积码译码\models\bigru_mqam_16_awgn.pt
16QAM,MQAM,16,AWGN,True,0.35,hard,6,audio,2,Viterbi,0.0000029803,E:\毕业设计\毕设\ai卷积码译码\models\bigru_mqam_16_awgn.pt
16QAM,MQAM,16,AWGN,True,0.35,hard,6,audio,2,AI-BiGRU,0.0000059607,E:\毕业设计\毕设\ai卷积码译码\models\bigru_mqam_16_awgn.pt
16QAM,MQAM,16,AWGN,True,0.35,hard,6,audio,3,Viterbi,0.0000029803,E:\毕业设计\毕设\ai卷积码译码\models\bigru_mqam_16_awgn.pt
16QAM,MQAM,16,AWGN,True,0.35,hard,6,audio,3,AI-BiGRU,0.0000044705,E:\毕业设计\毕设\ai卷积码译码\models\bigru_mqam_16_awgn.pt
16QAM,MQAM,16,AWGN,True,0.35,hard,8,audio,1,Viterbi,0.0000000000,E:\毕业设计\毕设\ai卷积码译码\models\bigru_mqam_16_awgn.pt
16QAM,MQAM,16,AWGN,True,0.35,hard,8,audio,1,AI-BiGRU,0.0000014902,E:\毕业设计\毕设\ai卷积码译码\models\bigru_mqam_16_awgn.pt
16QAM,MQAM,16,AWGN,True,0.35,hard,8,audio,2,Viterbi,0.0000000000,E:\毕业设计\毕设\ai卷积码译码\models\bigru_mqam_16_awgn.pt
16QAM,MQAM,16,AWGN,True,0.35,hard,8,audio,2,AI-BiGRU,0.0000014902,E:\毕业设计\毕设\ai卷积码译码\models\bigru_mqam_16_awgn.pt
16QAM,MQAM,16,AWGN,True,0.35,hard,8,audio,3,Viterbi,0.0000000000,E:\毕业设计\毕设\ai卷积码译码\models\bigru_mqam_16_awgn.pt
16QAM,MQAM,16,AWGN,True,0.35,hard,8,audio,3,AI-BiGRU,0.0000000000,E:\毕业设计\毕设\ai卷积码译码\models\bigru_mqam_16_awgn.pt
16QAM,MQAM,16,AWGN,True,0.35,hard,10,audio,1,Viterbi,0.0000000000,E:\毕业设计\毕设\ai卷积码译码\models\bigru_mqam_16_awgn.pt
16QAM,MQAM,16,AWGN,True,0.35,hard,10,audio,1,AI-BiGRU,0.0000000000,E:\毕业设计\毕设\ai卷积码译码\models\bigru_mqam_16_awgn.pt
16QAM,MQAM,16,AWGN,True,0.35,hard,10,audio,2,Viterbi,0.0000000000,E:\毕业设计\毕设\ai卷积码译码\models\bigru_mqam_16_awgn.pt
16QAM,MQAM,16,AWGN,True,0.35,hard,10,audio,2,AI-BiGRU,0.0000000000,E:\毕业设计\毕设\ai卷积码译码\models\bigru_mqam_16_awgn.pt
16QAM,MQAM,16,AWGN,True,0.35,hard,10,audio,3,Viterbi,0.0000000000,E:\毕业设计\毕设\ai卷积码译码\models\bigru_mqam_16_awgn.pt
16QAM,MQAM,16,AWGN,True,0.35,hard,10,audio,3,AI-BiGRU,0.0000000000,E:\毕业设计\毕设\ai卷积码译码\models\bigru_mqam_16_awgn.pt
